"LOCATION","LOGCES","CESIUM"
"Bethel",-5.5,0.004086771438
"Eagle Summit",-4.15,0.01576441648
"Moose Pass",-6.05,0.002357862006
"Turnagain Pass",-5,0.006737946999
"Wickersham Dome",-4.1,0.0165726754
"Bethel",-5,0.006737946999
"Eagle Summit",-4.85,0.007828377549
"Wickersham Dome",-4.5,0.01110899654
"Wickersham Dome",-4.6,0.01005183574
