"ZONE","BEFORE","AFTER"
401,0,0.003595
402,0.001456,0.007278
403,0,0.003297
404,0.002868,0.003824
405,0,0.002198
406,0,0.000898
407,0.000626,0
408,0,0
